epoch,time,train/box_loss,train/cls_loss,train/dfl_loss,metrics/precision(B),metrics/recall(B),metrics/mAP50(B),metrics/mAP50-95(B),val/box_loss,val/cls_loss,val/dfl_loss,lr/pg0,lr/pg1,lr/pg2,lr/pg3,lr/pg4,lr/pg5,lr/pg6,lr/pg7
1,49.3705,0.9017,4.11237,1.1374,0.01319,0.35714,0.15219,0.1277,0.60384,3.76894,0.93307,4.284e-05,1.428e-05,4.284e-05,1.428e-05,4.284e-05,1.428e-05,4.284e-05,1.428e-05
2,51.2247,0.85911,4.13333,1.14687,0.01319,0.35714,0.14844,0.12957,0.60492,3.76144,0.93305,0.000104979,3.49931e-05,0.000104979,3.49931e-05,0.000104979,3.49931e-05,0.000104979,3.49931e-05
3,52.9315,0.80031,4.15649,1.07116,0.01292,0.35714,0.12231,0.10793,0.59015,3.76002,0.93183,0.000164574,5.4858e-05,0.000164574,5.4858e-05,0.000164574,5.4858e-05,0.000164574,5.4858e-05
4,54.7306,0.9179,4.17197,1.12042,0.01289,0.35714,0.11996,0.10678,0.58677,3.75774,0.93186,0.000221624,7.38747e-05,0.000221624,7.38747e-05,0.000221624,7.38747e-05,0.000221624,7.38747e-05
5,58.4389,0.92601,4.09542,1.18281,0.01299,0.35714,0.12478,0.1085,0.59,3.75588,0.92562,0.00027613,9.20432e-05,0.00027613,9.20432e-05,0.00027613,9.20432e-05,0.00027613,9.20432e-05
6,60.7573,0.88529,4.13431,1.11441,0.01295,0.35714,0.17586,0.16,0.5747,3.75534,0.91611,0.00032809,0.000109363,0.00032809,0.000109363,0.00032809,0.000109363,0.00032809,0.000109363
7,62.6355,0.82033,4.19989,1.07494,0.01266,0.35714,0.18826,0.16408,0.56044,3.74831,0.9116,0.000377506,0.000125835,0.000377506,0.000125835,0.000377506,0.000125835,0.000377506,0.000125835
8,64.9167,0.7779,4.06905,1.07311,0.01259,0.35714,0.23074,0.19572,0.55023,3.75102,0.90711,0.000424377,0.000141459,0.000424377,0.000141459,0.000424377,0.000141459,0.000424377,0.000141459
9,67.0186,0.82001,4.12135,1.08421,0.01217,0.35714,0.26094,0.22146,0.54279,3.75758,0.90376,0.000468704,0.000156235,0.000468704,0.000156235,0.000468704,0.000156235,0.000468704,0.000156235
10,68.7564,0.75237,4.02709,1.05427,0.01214,0.35714,0.24477,0.2089,0.53698,3.7644,0.90536,0.000510486,0.000170162,0.000510486,0.000170162,0.000510486,0.000170162,0.000510486,0.000170162
11,72.0182,0.75845,4.07309,1.06896,0.01202,0.35714,0.26821,0.2269,0.52205,3.76496,0.89512,0.000549723,0.000183241,0.000549723,0.000183241,0.000549723,0.000183241,0.000549723,0.000183241
12,74.5238,0.76983,4.03762,1.06514,0.01211,0.35714,0.24392,0.21205,0.50851,3.76601,0.88871,0.000586415,0.000195472,0.000586415,0.000195472,0.000586415,0.000195472,0.000586415,0.000195472
13,76.5737,0.8309,4.09256,1.03803,0.01193,0.35714,0.21629,0.19479,0.48619,3.76265,0.88195,0.000620563,0.000206854,0.000620563,0.000206854,0.000620563,0.000206854,0.000620563,0.000206854
14,78.3967,0.73404,3.96151,1.05879,0.01205,0.35714,0.21321,0.18963,0.47051,3.75877,0.87496,0.000652166,0.000217389,0.000652166,0.000217389,0.000652166,0.000217389,0.000652166,0.000217389
15,80.8727,0.8015,3.9298,1.05986,0.01202,0.35714,0.23301,0.20306,0.47446,3.76322,0.86952,0.000681225,0.000227075,0.000681225,0.000227075,0.000681225,0.000227075,0.000681225,0.000227075
16,82.9414,0.78494,4.01438,1.0041,0.01217,0.35714,0.20844,0.18136,0.45535,3.75323,0.8614,0.000707738,0.000235913,0.000707738,0.000235913,0.000707738,0.000235913,0.000707738,0.000235913
17,86.7231,0.69439,3.85326,0.98742,0.01471,0.42857,0.19856,0.18633,0.4553,3.73856,0.8611,0.000731707,0.000243902,0.000731707,0.000243902,0.000731707,0.000243902,0.000731707,0.000243902
18,88.8113,0.68161,3.85199,0.9951,0.01511,0.42857,0.20458,0.1848,0.44501,3.73045,0.86385,0.000753131,0.000251044,0.000753131,0.000251044,0.000753131,0.000251044,0.000753131,0.000251044
19,90.6327,0.71091,3.81167,0.99059,0.0155,0.42857,0.15724,0.13898,0.44438,3.72517,0.86332,0.000772011,0.000257337,0.000772011,0.000257337,0.000772011,0.000257337,0.000772011,0.000257337
20,92.678,0.67107,3.74932,0.99323,0.01558,0.42857,0.15945,0.14128,0.44087,3.7119,0.86053,0.000788346,0.000262782,0.000788346,0.000262782,0.000788346,0.000262782,0.000788346,0.000262782
21,94.4353,0.67381,3.70844,0.96045,0.01596,0.42857,0.16772,0.14738,0.43456,3.69561,0.85778,0.000802136,0.000267379,0.000802136,0.000267379,0.000802136,0.000267379,0.000802136,0.000267379
22,96.4853,0.66532,3.7898,0.99252,0.01635,0.42857,0.19145,0.17149,0.42332,3.67726,0.855,0.000813382,0.000271127,0.000813382,0.000271127,0.000813382,0.000271127,0.000813382,0.000271127
23,98.704,0.76879,3.70852,0.96519,0.01639,0.42857,0.18884,0.17502,0.43977,3.65729,0.85783,0.000822082,0.000274027,0.000822082,0.000274027,0.000822082,0.000274027,0.000822082,0.000274027
24,101.428,0.72396,3.59297,1.00184,0.01662,0.42857,0.19256,0.18062,0.43224,3.62577,0.85568,0.000828239,0.00027608,0.000828239,0.00027608,0.000828239,0.00027608,0.000828239,0.00027608
25,103.37,0.71074,3.57236,0.99354,0.01695,0.42857,0.20022,0.18698,0.4117,3.58128,0.85115,0.00083185,0.000277283,0.00083185,0.000277283,0.00083185,0.000277283,0.00083185,0.000277283
26,104.954,0.63505,3.47967,0.96394,0.02006,0.5,0.22544,0.19616,0.42396,3.53934,0.85364,0.000832917,0.000277639,0.000832917,0.000277639,0.000832917,0.000277639,0.000832917,0.000277639
